Flow duration,Total packets,Forward packets,Backward packets,Total bytes,Forward bytes,Backward bytes,Packets/sec,Bytes/packet,Total payload length,Median payload bytes/packets,Std of payload bytes/packets,% of packets <128 B,% of packets [128, 1024)B,% of packets [1024, 1518]B,% of packets >1518B,Bytes/sec,% of SYN packets,% of SYN/ACK packets,% of ACK packets, % of ACK/PUSH packets,Std of bytes/packet,Length of first packet in flow,Total HTTP/GET requests,Status
0.040001000000000175,39,20,19,2700,1680,1020,974.9756256093555,69.23076923076923,1116,11.0,103.8132471479474,74.70370370370371,25.296296296296294,0.0,0.0,67498.31254218615,2.564102564102564,2.564102564102564,48.717948717948715,41.02564102564102,103.67369395277552,52,0,1
0.049999999999998934,39,20,19,2722,1702,1020,780.0000000000166,69.7948717948718,1138,11.0,107.24268391065975,74.09992652461426,25.900073475385742,0.0,0.0,54440.00000000116,2.564102564102564,2.564102564102564,48.717948717948715,41.02564102564102,107.10427272600911,52,0,1
0.049999999999998934,39,20,19,2702,1682,1020,780.0000000000166,69.28205128205128,1118,11.0,104.1247564812552,74.64840858623242,25.351591413767576,0.0,0.0,54040.00000000115,2.564102564102564,2.564102564102564,48.717948717948715,41.02564102564102,103.9853098729129,52,0,1
0.08300400000000252,45,25,20,9772,8712,1060,542.1425473470994,217.15555555555557,7948,0.0,460.06053400557505,21.049938600081866,2.200163733115023,76.74989766680311,0.0,117729.26605946344,2.2222222222222223,2.2222222222222223,55.55555555555556,35.55555555555556,459.8578809883232,52,0,1
0.05000000000001137,42,22,20,5733,4673,1060,839.999999999809,136.5,4029,4.5,324.195769886875,35.879993022850165,11.791383219954648,52.32862375719518,0.0,114659.99999997392,2.380952380952381,2.380952380952381,52.38095238095239,38.095238095238095,324.03283859480183,52,0,1
