Flow duration,Total packets,Forward packets,Backward packets,Total bytes,Forward bytes,Backward bytes,Packets/sec,Bytes/packet,Total payload length,Median payload bytes/packets,Std of payload bytes/packets,% of packets <128 B,% of packets [128, 1024)B,% of packets [1024, 1518]B,% of packets >1518B,Bytes/sec,% of SYN packets,% of SYN/ACK packets,% of ACK packets, % of ACK/PUSH packets,Std of bytes/packet,Length of first packet in flow,Total HTTP/GET requests,Status
68.897322,14,7,7,6838,525,6313,0.20320093138017759,488.42857142857144,6254,730.0,665.6089668140722,5.0307107341327875,7.5753144194208835,87.39397484644633,0.0,99.2491406269753,7.142857142857142,7.142857142857142,57.14285714285714,21.428571428571427,664.383081603437,52,1,0
0.0,15,7,8,7023,1242,5781,459.5032350652789,468.2,6399,1460.0,620.6060171891895,5.467748825288338,14.666097109497366,79.8661540652143,0.0,42088.55586521301,6.666666666666667,6.666666666666667,60.0,13.333333333333334,619.4408999827414,52,0,0
0.04679999999996198,43,22,21,3935,2518,1417,918.8034188041652,91.51162790697674,2191,9.0,160.43793540959663,53.290978398983476,46.709021601016524,0.0,0.0,84081.19658126489,2.3255813953488373,2.3255813953488373,48.837209302325576,41.86046511627907,160.27675054833884,52,0,1
0.0,15,7,8,6970,598,6372,459.5032350652789,464.6666666666667,6346,1460.0,650.0509284077744,5.5093256814921086,8.751793400286944,85.73888091822096,0.0,42088.55586521301,6.666666666666667,6.666666666666667,60.0,13.333333333333334,648.9480131794255,52,1,0
68.998921,14,7,7,6388,481,5907,0.20290172363709863,456.2857142857143,5804,730.0,629.6632450745416,5.3850970569818415,7.169693174702567,87.44520976831559,0.0,92.58115789955615,7.142857142857142,7.142857142857142,57.14285714285714,21.428571428571427,628.461666240723,52,1,0
0.04680000000007567,43,22,21,3935,2518,1417,918.8034188019332,91.51162790697674,2191,9.0,160.43793540959663,53.290978398983476,46.709021601016524,0.0,0.0,84081.19658106063,2.3255813953488373,2.3255813953488373,48.837209302325576,41.86046511627907,160.27675054833884,52,0,1
