Flow duration,Total packets,Forward packets,Backward packets,Total bytes,Forward bytes,Backward bytes,Packets/sec,Bytes/packet,Total payload length,Median payload bytes/packets,Std of payload bytes/packets,% of packets <128 B,% of packets [128, 1024)B,% of packets [1024, 1518]B,% of packets >1518B,Bytes/sec,% of SYN packets,% of SYN/ACK packets,% of ACK packets, % of ACK/PUSH packets,Std of bytes/packet,Length of first packet in flow,Total HTTP/GET requests,Status
0.1716000000000122,42,21,21,3895,2478,1417,244.75524475522738,92.73809523809524,2191,4.5,162.18296152225756,52.81129653401797,47.18870346598203,0.0,0.0,22698.135198133587,2.380952380952381,2.380952380952381,47.61904761904761,42.857142857142854,162.01521451045505,52,0,1
0.031199999999898864,42,21,21,3897,2480,1417,1346.1538461582097,92.78571428571429,2193,4.5,162.43926230219782,52.78419296895047,47.21580703104952,0.0,0.0,124903.84615425103,2.380952380952381,2.380952380952381,47.61904761904761,42.857142857142854,162.27160846214588,52,0,1
0.0,15,7,8,6970,598,6372,530.3706795071995,464.6666666666667,6346,1460.0,650.0509284077744,5.5093256814921086,8.751793400286944,85.73888091822096,0.0,49231.52781557908,6.666666666666667,6.666666666666667,60.0,13.333333333333334,648.9480131794255,52,1,0
68.9833209999997,14,7,7,6388,481,5907,0.2029476081616897,456.2857142857143,5804,730.0,629.6632450745416,5.3850970569818415,7.169693174702567,87.44520976831559,0.0,92.60209435263384,7.142857142857142,7.142857142857142,57.14285714285714,21.428571428571427,628.461666240723,52,1,0
