Flow duration,Total packets,Forward packets,Backward packets,Total bytes,Forward bytes,Backward bytes,Packets/sec,Bytes/packet,Total payload length,Median payload bytes/packets,Std of payload bytes/packets,% of packets <128 B,% of packets [128, 1024)B,% of packets [1024, 1518]B,% of packets >1518B,Bytes/sec,% of SYN packets,% of SYN/ACK packets,% of ACK packets, % of ACK/PUSH packets,Std of bytes/packet,Length of first packet in flow,Total HTTP/GET requests,Status
0.07799999999997453,42,21,21,3895,2478,1417,538.4615384617142,92.73809523809524,2191,4.5,162.18296152225756,52.81129653401797,47.18870346598203,0.0,0.0,49935.89743591374,2.380952380952381,2.380952380952381,47.61904761904761,42.857142857142854,162.01521451045505,52,0,1
82.17814899999985,14,7,7,6838,525,6313,0.1703615884558318,488.42857142857144,6254,730.0,665.6089668140722,5.0307107341327875,7.5753144194208835,87.39397484644633,0.0,83.20946727578414,7.142857142857142,7.142857142857142,57.14285714285714,21.428571428571427,664.383081603437,52,1,0
0.0,15,7,8,7023,1242,5781,302.9779426831328,468.2,6399,1460.0,620.6060171891895,5.467748825288338,14.666097109497366,79.8661540652143,0.0,28132.89519804035,6.666666666666667,6.666666666666667,60.0,13.333333333333334,619.4408999827414,52,0,0
0.062400000000252476,42,21,21,3895,2478,1417,673.0769230741997,92.73809523809524,2191,4.5,162.18296152225756,52.81129653401797,47.18870346598203,0.0,0.0,62419.87179461924,2.380952380952381,2.380952380952381,47.61904761904761,42.857142857142854,162.01521451045505,52,0,1
0.0,15,7,8,6970,598,6372,302.9779426831328,464.6666666666667,6346,1460.0,650.0509284077744,5.5093256814921086,8.751793400286944,85.73888091822096,0.0,28132.89519804035,6.666666666666667,6.666666666666667,60.0,13.333333333333334,648.9480131794255,52,1,0
68.98332100000016,14,7,7,6388,481,5907,0.20294760816168836,456.2857142857143,5804,730.0,629.6632450745416,5.3850970569818415,7.169693174702567,87.44520976831559,0.0,92.60209435263323,7.142857142857142,7.142857142857142,57.14285714285714,21.428571428571427,628.461666240723,52,1,0
